PE,EE,SI,FC
0.527951,0.859969,0.292955,0.493358
0.342177,0.756034,0.463411,0.207552
0.379936,0.894127,0.783696,0.950646
0.57272,0.079768,0.740463,1.019784
0.717005,0.835676,0.692712,NaN
